Variable,Scenario,Percentile,2040,2070,2100
Capacity|Electricity|Solar,HD_ER_RCP85_1_CDD_30_20,50,-22.44365009,-6.191455919,-7.765545919
Capacity|Electricity|Solar,HD_ER_RCP85_1_CDD_30_20,5,-39.80494757,-65.28551183,-89.22824167
Capacity|Electricity|Solar,HD_ER_RCP85_1_CDD_30_20,95,12.73411687,54.6527405,84.12017092
Capacity|Electricity|Wind,HD_ER_RCP85_1_CDD_30_20,50,44.23660513,68.58664806,90.79902311
Capacity|Electricity|Wind,HD_ER_RCP85_1_CDD_30_20,5,29.18724509,1.04374575,-48.16005432
Capacity|Electricity|Wind,HD_ER_RCP85_1_CDD_30_20,95,73.07063452,107.4947776,147.8434405
Capacity|Biomass,HD_ER_RCP85_1_CDD_30_20,50,36.0994196,63.84092268,118.4364076
Capacity|Biomass,HD_ER_RCP85_1_CDD_30_20,5,27.27767609,48.23710036,45.36575759
Capacity|Biomass,HD_ER_RCP85_1_CDD_30_20,95,48.82919091,101.1957581,185.7592223
Capacity|Coal,HD_ER_RCP85_1_CDD_30_20,50,0.700169354,0.791625518,1.525345955
Capacity|Coal,HD_ER_RCP85_1_CDD_30_20,5,0.555492395,0.565525898,0.602561258
Capacity|Coal,HD_ER_RCP85_1_CDD_30_20,95,3.323070076,3.905889446,6.716465634
Capacity|Gas,HD_ER_RCP85_1_CDD_30_20,50,0.521878719,0.441136948,-0.131825731
Capacity|Gas,HD_ER_RCP85_1_CDD_30_20,5,-2.369575072,-0.657868493,-0.662948819
Capacity|Gas,HD_ER_RCP85_1_CDD_30_20,95,0.72654201,0.589771806,0.453905447
Capacity|Oil,HD_ER_RCP85_1_CDD_30_20,50,0.629884496,3.730024167,7.895632307
Capacity|Oil,HD_ER_RCP85_1_CDD_30_20,5,-2.340678654,2.398523976,3.703092495
Capacity|Oil,HD_ER_RCP85_1_CDD_30_20,95,0.771465352,4.601897898,10.7388587
Capacity|Electricity|Hydro,HD_ER_RCP85_1_CDD_30_20,50,-5.44126484,-9.620237171,-11.03582113
Capacity|Electricity|Hydro,HD_ER_RCP85_1_CDD_30_20,5,-6.201915712,-10.06577841,-11.48546013
Capacity|Electricity|Hydro,HD_ER_RCP85_1_CDD_30_20,95,-4.945306691,-9.30403481,-10.70819984
Capacity|Electricity|Nuclear,HD_ER_RCP85_1_CDD_30_20,50,-7.844604245,-6.623390468,-6.172563344
Capacity|Electricity|Nuclear,HD_ER_RCP85_1_CDD_30_20,5,-21.65559834,-9.451360298,-7.484610566
Capacity|Electricity|Nuclear,HD_ER_RCP85_1_CDD_30_20,95,-7.591877337,-6.402762328,-5.917472125
Capacity|Geothermal,HD_ER_RCP85_1_CDD_30_20,50,,,
Capacity|Geothermal,HD_ER_RCP85_1_CDD_30_20,5,,,
Capacity|Geothermal,HD_ER_RCP85_1_CDD_30_20,95,,,
Capacity|Electricity|Solar,HD_ER_RCP85_2_CDD_30_20,50,-22.91800235,-0.757542377,-4.608029794
Capacity|Electricity|Solar,HD_ER_RCP85_2_CDD_30_20,5,-43.03130825,-69.77862944,-95.03069741
Capacity|Electricity|Solar,HD_ER_RCP85_2_CDD_30_20,95,13.85458468,77.65132408,116.1784841
Capacity|Electricity|Wind,HD_ER_RCP85_2_CDD_30_20,50,54.58604129,85.06771287,116.2323144
Capacity|Electricity|Wind,HD_ER_RCP85_2_CDD_30_20,5,32.90455912,0.95140757,-64.55876673
Capacity|Electricity|Wind,HD_ER_RCP85_2_CDD_30_20,95,74.01029976,136.5414683,190.1063221
Capacity|Biomass,HD_ER_RCP85_2_CDD_30_20,50,52.41643087,103.2015167,174.3368873
Capacity|Biomass,HD_ER_RCP85_2_CDD_30_20,5,43.35217896,67.42006796,55.11851135
Capacity|Biomass,HD_ER_RCP85_2_CDD_30_20,95,65.7298566,176.4895281,286.5527331
Capacity|Coal,HD_ER_RCP85_2_CDD_30_20,50,0.689389585,1.02796694,1.223839905
Capacity|Coal,HD_ER_RCP85_2_CDD_30_20,5,0.571597003,0.646195832,0.685779824
Capacity|Coal,HD_ER_RCP85_2_CDD_30_20,95,1.424439574,1.892540027,6.486313881
Capacity|Gas,HD_ER_RCP85_2_CDD_30_20,50,0.61357252,0.464467045,-0.33484562
Capacity|Gas,HD_ER_RCP85_2_CDD_30_20,5,0.440430282,0.121584505,-4.761500775
Capacity|Gas,HD_ER_RCP85_2_CDD_30_20,95,0.850610861,0.675265879,0.467868293
Capacity|Oil,HD_ER_RCP85_2_CDD_30_20,50,0.821696216,5.008871882,7.49581015
Capacity|Oil,HD_ER_RCP85_2_CDD_30_20,5,0.606393994,3.769801908,-8.601304692
Capacity|Oil,HD_ER_RCP85_2_CDD_30_20,95,1.002759868,6.795753869,12.86308459
Capacity|Electricity|Hydro,HD_ER_RCP85_2_CDD_30_20,50,-4.993472863,-9.437659038,-11.04797241
Capacity|Electricity|Hydro,HD_ER_RCP85_2_CDD_30_20,5,-5.43629269,-9.815060824,-15.96369906
Capacity|Electricity|Hydro,HD_ER_RCP85_2_CDD_30_20,95,-4.536967797,-9.098057565,-10.61936223
Capacity|Electricity|Nuclear,HD_ER_RCP85_2_CDD_30_20,50,-7.790091613,-6.573782139,-6.166110376
Capacity|Electricity|Nuclear,HD_ER_RCP85_2_CDD_30_20,5,-12.32565158,-7.428162712,-6.598967301
Capacity|Electricity|Nuclear,HD_ER_RCP85_2_CDD_30_20,95,-7.515381808,-6.3682947,-5.918376272
Capacity|Geothermal,HD_ER_RCP85_2_CDD_30_20,50,,,
Capacity|Geothermal,HD_ER_RCP85_2_CDD_30_20,5,,,
Capacity|Geothermal,HD_ER_RCP85_2_CDD_30_20,95,,,
Capacity|Electricity|Solar,HD_ER_RCP85_3_CDD_30_20,50,-16.32903244,5.194773992,-1.849884331
Capacity|Electricity|Solar,HD_ER_RCP85_3_CDD_30_20,5,-45.268299,-73.26476032,-97.93220046
Capacity|Electricity|Solar,HD_ER_RCP85_3_CDD_30_20,95,22.29594668,103.5845026,152.4252214
Capacity|Electricity|Wind,HD_ER_RCP85_3_CDD_30_20,50,61.12344335,98.15135992,135.8712364
Capacity|Electricity|Wind,HD_ER_RCP85_3_CDD_30_20,5,34.99141601,-3.327602425,-80.99472408
Capacity|Electricity|Wind,HD_ER_RCP85_3_CDD_30_20,95,82.4010828,170.1078601,234.6645067
Capacity|Biomass,HD_ER_RCP85_3_CDD_30_20,50,69.89633773,149.9217183,220.6748436
Capacity|Biomass,HD_ER_RCP85_3_CDD_30_20,5,58.56392496,81.82362257,53.56556736
Capacity|Biomass,HD_ER_RCP85_3_CDD_30_20,95,87.60130813,261.7186485,410.9253333
Capacity|Coal,HD_ER_RCP85_3_CDD_30_20,50,0.69902808,1.276886967,1.490071685
Capacity|Coal,HD_ER_RCP85_3_CDD_30_20,5,0.556379095,0.783139921,0.856469383
Capacity|Coal,HD_ER_RCP85_3_CDD_30_20,95,1.079619253,1.893367545,7.872349313
Capacity|Gas,HD_ER_RCP85_3_CDD_30_20,50,0.695272783,0.457753601,-0.477690619
Capacity|Gas,HD_ER_RCP85_3_CDD_30_20,5,0.479623666,-0.05806867,-35.32072459
Capacity|Gas,HD_ER_RCP85_3_CDD_30_20,95,1.007251454,0.805832381,0.478379076
Capacity|Oil,HD_ER_RCP85_3_CDD_30_20,50,1.026993585,6.387641958,6.265606706
Capacity|Oil,HD_ER_RCP85_3_CDD_30_20,5,0.832279549,4.254738352,-13.38727963
Capacity|Oil,HD_ER_RCP85_3_CDD_30_20,95,1.307969022,9.240156761,14.0142579
Capacity|Electricity|Hydro,HD_ER_RCP85_3_CDD_30_20,50,-4.838378992,-9.359714876,-11.08392997
Capacity|Electricity|Hydro,HD_ER_RCP85_3_CDD_30_20,5,-5.300414589,-9.820360397,-24.39435241
Capacity|Electricity|Hydro,HD_ER_RCP85_3_CDD_30_20,95,-4.326258162,-8.972877897,-10.55518636
Capacity|Electricity|Nuclear,HD_ER_RCP85_3_CDD_30_20,50,-7.787115578,-6.580929901,-6.198409367
Capacity|Electricity|Nuclear,HD_ER_RCP85_3_CDD_30_20,5,-10.80794165,-7.198648147,-6.833042521
Capacity|Electricity|Nuclear,HD_ER_RCP85_3_CDD_30_20,95,-7.517783784,-6.363969716,-5.93563537
Capacity|Geothermal,HD_ER_RCP85_3_CDD_30_20,50,,,
Capacity|Geothermal,HD_ER_RCP85_3_CDD_30_20,5,,,
Capacity|Geothermal,HD_ER_RCP85_3_CDD_30_20,95,,,
Capacity|Electricity|Solar,HD_ER_RCP85_4_CDD_30_20,50,-7.123284713,12.80055138,2.152421992
Capacity|Electricity|Solar,HD_ER_RCP85_4_CDD_30_20,5,-45.91159658,-75.54350459,-99.04594005
Capacity|Electricity|Solar,HD_ER_RCP85_4_CDD_30_20,95,32.30680545,131.8951803,189.3269066
Capacity|Electricity|Wind,HD_ER_RCP85_4_CDD_30_20,50,67.0662146,110.3232033,152.9824796
Capacity|Electricity|Wind,HD_ER_RCP85_4_CDD_30_20,5,37.87518392,-11.95054841,-89.55131996
Capacity|Electricity|Wind,HD_ER_RCP85_4_CDD_30_20,95,91.36723757,204.5758307,279.8664108
Capacity|Biomass,HD_ER_RCP85_4_CDD_30_20,50,87.46436877,196.5297351,251.8556408
Capacity|Biomass,HD_ER_RCP85_4_CDD_30_20,5,73.07473317,89.03862441,43.33062776
Capacity|Biomass,HD_ER_RCP85_4_CDD_30_20,95,111.3341877,353.5849014,548.9498031
Capacity|Coal,HD_ER_RCP85_4_CDD_30_20,50,0.862110536,1.756337618,2.085606065
Capacity|Coal,HD_ER_RCP85_4_CDD_30_20,5,0.574518493,1.057267974,1.177058653
Capacity|Coal,HD_ER_RCP85_4_CDD_30_20,95,1.499835406,2.619431246,9.41274192
Capacity|Gas,HD_ER_RCP85_4_CDD_30_20,50,0.838759891,0.475826022,-0.541894761
Capacity|Gas,HD_ER_RCP85_4_CDD_30_20,5,0.391570527,-0.254380531,-51.69560557
Capacity|Gas,HD_ER_RCP85_4_CDD_30_20,95,1.247261984,0.988373003,0.494018716
Capacity|Oil,HD_ER_RCP85_4_CDD_30_20,50,1.293080921,7.893646514,5.344417876
Capacity|Oil,HD_ER_RCP85_4_CDD_30_20,5,0.251786654,4.5764561,-13.20009349
Capacity|Oil,HD_ER_RCP85_4_CDD_30_20,95,1.681253949,11.96025905,15.41860373
Capacity|Electricity|Hydro,HD_ER_RCP85_4_CDD_30_20,50,-4.697415497,-9.275906747,-11.07627673
Capacity|Electricity|Hydro,HD_ER_RCP85_4_CDD_30_20,5,-5.181426999,-9.813259341,-30.97007781
Capacity|Electricity|Hydro,HD_ER_RCP85_4_CDD_30_20,95,-4.117639962,-8.821083113,-10.51923854
Capacity|Electricity|Nuclear,HD_ER_RCP85_4_CDD_30_20,50,-7.853611594,-6.649809791,-6.29347652
Capacity|Electricity|Nuclear,HD_ER_RCP85_4_CDD_30_20,5,-16.21065839,-8.214137492,-16.74768068
Capacity|Electricity|Nuclear,HD_ER_RCP85_4_CDD_30_20,95,-7.535344171,-6.389024501,-5.973946149
Capacity|Geothermal,HD_ER_RCP85_4_CDD_30_20,50,,,
Capacity|Geothermal,HD_ER_RCP85_4_CDD_30_20,5,,,
Capacity|Geothermal,HD_ER_RCP85_4_CDD_30_20,95,,,
Capacity|Electricity|Solar,HD_ER_RCP85_5_CDD_30_20,50,1.517474527,18.77831971,4.689249715
Capacity|Electricity|Solar,HD_ER_RCP85_5_CDD_30_20,5,-41.68605412,-77.20521433,-99.58801292
Capacity|Electricity|Solar,HD_ER_RCP85_5_CDD_30_20,95,42.31703084,169.7449387,228.7516065
Capacity|Electricity|Wind,HD_ER_RCP85_5_CDD_30_20,50,72.38415211,121.7062571,171.2281625
Capacity|Electricity|Wind,HD_ER_RCP85_5_CDD_30_20,5,42.30197288,-21.22079508,-93.68701266
Capacity|Electricity|Wind,HD_ER_RCP85_5_CDD_30_20,95,100.006636,246.0299787,338.8087313
Capacity|Biomass,HD_ER_RCP85_5_CDD_30_20,50,106.430954,237.9296586,265.7993398
Capacity|Biomass,HD_ER_RCP85_5_CDD_30_20,5,87.59153146,91.00630643,16.71558925
Capacity|Biomass,HD_ER_RCP85_5_CDD_30_20,95,136.3677764,449.981817,689.3768687
Capacity|Coal,HD_ER_RCP85_5_CDD_30_20,50,1.079572771,2.379235302,2.784026885
Capacity|Coal,HD_ER_RCP85_5_CDD_30_20,5,0.670436593,1.484455463,1.5578959
Capacity|Coal,HD_ER_RCP85_5_CDD_30_20,95,1.961265878,3.692547707,10.56823204
Capacity|Gas,HD_ER_RCP85_5_CDD_30_20,50,1.008968277,0.497462716,-0.643537008
Capacity|Gas,HD_ER_RCP85_5_CDD_30_20,5,-0.014254013,-0.450511375,-58.74496065
Capacity|Gas,HD_ER_RCP85_5_CDD_30_20,95,1.530709734,1.163940153,0.556929524
Capacity|Oil,HD_ER_RCP85_5_CDD_30_20,50,1.577355384,9.439446416,4.666259411
Capacity|Oil,HD_ER_RCP85_5_CDD_30_20,5,0.043665182,4.714093107,-13.07440692
Capacity|Oil,HD_ER_RCP85_5_CDD_30_20,95,2.077185466,14.90443291,16.30774497
Capacity|Electricity|Hydro,HD_ER_RCP85_5_CDD_30_20,50,-4.544750575,-9.19407838,-11.06998454
Capacity|Electricity|Hydro,HD_ER_RCP85_5_CDD_30_20,5,-5.040485079,-9.836842291,-34.14402325
Capacity|Electricity|Hydro,HD_ER_RCP85_5_CDD_30_20,95,-3.84199982,-8.6803727,-10.45570606
Capacity|Electricity|Nuclear,HD_ER_RCP85_5_CDD_30_20,50,-7.935492616,-6.75919739,-6.622111814
Capacity|Electricity|Nuclear,HD_ER_RCP85_5_CDD_30_20,5,-19.62836484,-9.486168502,-32.42282117
Capacity|Electricity|Nuclear,HD_ER_RCP85_5_CDD_30_20,95,-7.541869954,-6.446837876,-6.041695508
Capacity|Geothermal,HD_ER_RCP85_5_CDD_30_20,50,,,
Capacity|Geothermal,HD_ER_RCP85_5_CDD_30_20,5,,,
Capacity|Geothermal,HD_ER_RCP85_5_CDD_30_20,95,,,
Capacity|Electricity|Solar,HD_ER_RCP85_1_CDD_20_10,50,-21.81576166,-7.440982569,-2.208327919
Capacity|Electricity|Solar,HD_ER_RCP85_1_CDD_20_10,5,-28.83062049,-52.85302359,-77.16495332
Capacity|Electricity|Solar,HD_ER_RCP85_1_CDD_20_10,95,8.856254363,55.4885324,87.47047781
Capacity|Electricity|Wind,HD_ER_RCP85_1_CDD_20_10,50,40.6778961,71.1094996,91.18037182
Capacity|Electricity|Wind,HD_ER_RCP85_1_CDD_20_10,5,28.12341741,-0.643104148,-45.5735694
Capacity|Electricity|Wind,HD_ER_RCP85_1_CDD_20_10,95,63.70441796,102.2288011,143.5527681
Capacity|Biomass,HD_ER_RCP85_1_CDD_20_10,50,31.90837482,43.5255088,51.02244283
Capacity|Biomass,HD_ER_RCP85_1_CDD_20_10,5,26.15333229,32.56244253,31.82416296
Capacity|Biomass,HD_ER_RCP85_1_CDD_20_10,95,40.77684349,55.18220708,101.5028364
Capacity|Coal,HD_ER_RCP85_1_CDD_20_10,50,0.490622182,0.494519009,0.760058775
Capacity|Coal,HD_ER_RCP85_1_CDD_20_10,5,0.406827089,0.409279556,0.413467462
Capacity|Coal,HD_ER_RCP85_1_CDD_20_10,95,1.664059132,1.844129914,3.745358587
Capacity|Gas,HD_ER_RCP85_1_CDD_20_10,50,0.305422274,0.275722011,0.230716781
Capacity|Gas,HD_ER_RCP85_1_CDD_20_10,5,-2.356147972,-0.726218025,-0.229471372
Capacity|Gas,HD_ER_RCP85_1_CDD_20_10,95,0.425663137,0.385423092,0.394427391
Capacity|Oil,HD_ER_RCP85_1_CDD_20_10,50,0.472697689,2.846925375,5.224148488
Capacity|Oil,HD_ER_RCP85_1_CDD_20_10,5,-2.37655503,1.434231963,3.639801309
Capacity|Oil,HD_ER_RCP85_1_CDD_20_10,95,0.575090916,3.412670231,7.472319063
Capacity|Electricity|Hydro,HD_ER_RCP85_1_CDD_20_10,50,-4.186790832,-6.953722375,-7.767030877
Capacity|Electricity|Hydro,HD_ER_RCP85_1_CDD_20_10,5,-4.786491636,-7.208951871,-7.998468658
Capacity|Electricity|Hydro,HD_ER_RCP85_1_CDD_20_10,95,-3.827567643,-6.769329971,-7.628704351
Capacity|Electricity|Nuclear,HD_ER_RCP85_1_CDD_20_10,50,-4.512732225,-3.398538777,-3.091518919
Capacity|Electricity|Nuclear,HD_ER_RCP85_1_CDD_20_10,5,-15.10120577,-5.644184602,-4.164493532
Capacity|Electricity|Nuclear,HD_ER_RCP85_1_CDD_20_10,95,-4.331129136,-3.242589317,-2.953478168
Capacity|Geothermal,HD_ER_RCP85_1_CDD_20_10,50,,,
Capacity|Geothermal,HD_ER_RCP85_1_CDD_20_10,5,,,
Capacity|Geothermal,HD_ER_RCP85_1_CDD_20_10,95,,,
Capacity|Electricity|Solar,HD_ER_RCP85_2_CDD_20_10,50,-23.99438722,0.482145381,2.374194201
Capacity|Electricity|Solar,HD_ER_RCP85_2_CDD_20_10,5,-33.0891328,-59.49296689,-86.4045766
Capacity|Electricity|Solar,HD_ER_RCP85_2_CDD_20_10,95,10.26167397,80.49516164,121.0982619
Capacity|Electricity|Wind,HD_ER_RCP85_2_CDD_20_10,50,53.54609764,93.41875968,122.1339016
Capacity|Electricity|Wind,HD_ER_RCP85_2_CDD_20_10,5,32.57514815,0.340108039,-61.03283296
Capacity|Electricity|Wind,HD_ER_RCP85_2_CDD_20_10,95,68.23079085,134.3207946,189.3761546
Capacity|Biomass,HD_ER_RCP85_2_CDD_20_10,50,48.5857781,68.01175213,78.64043449
Capacity|Biomass,HD_ER_RCP85_2_CDD_20_10,5,41.2654505,48.64583103,39.96014566
Capacity|Biomass,HD_ER_RCP85_2_CDD_20_10,95,60.79340974,93.38764335,180.7569384
Capacity|Coal,HD_ER_RCP85_2_CDD_20_10,50,0.483216175,0.490512137,0.559107699
Capacity|Coal,HD_ER_RCP85_2_CDD_20_10,5,0.400411571,0.40319466,0.400439039
Capacity|Coal,HD_ER_RCP85_2_CDD_20_10,95,0.63942489,0.787325803,3.974407785
Capacity|Gas,HD_ER_RCP85_2_CDD_20_10,50,0.377968169,0.369680795,0.188030496
Capacity|Gas,HD_ER_RCP85_2_CDD_20_10,5,0.180995519,0.191288755,-0.494864176
Capacity|Gas,HD_ER_RCP85_2_CDD_20_10,95,0.550144381,0.512002557,0.4123497
Capacity|Oil,HD_ER_RCP85_2_CDD_20_10,50,0.655785915,3.78116272,6.71125569
Capacity|Oil,HD_ER_RCP85_2_CDD_20_10,5,0.294382997,2.948098553,4.180534694
Capacity|Oil,HD_ER_RCP85_2_CDD_20_10,95,0.821061835,4.645409439,10.41785127
Capacity|Electricity|Hydro,HD_ER_RCP85_2_CDD_20_10,50,-3.658182939,-6.712385215,-7.686299119
Capacity|Electricity|Hydro,HD_ER_RCP85_2_CDD_20_10,5,-3.982365036,-6.887229018,-8.015857343
Capacity|Electricity|Hydro,HD_ER_RCP85_2_CDD_20_10,95,-3.295841889,-6.524171276,-7.520288207
Capacity|Electricity|Nuclear,HD_ER_RCP85_2_CDD_20_10,50,-4.484116863,-3.32636283,-3.081987423
Capacity|Electricity|Nuclear,HD_ER_RCP85_2_CDD_20_10,5,-7.239744967,-3.829169551,-3.352749359
Capacity|Electricity|Nuclear,HD_ER_RCP85_2_CDD_20_10,95,-4.28288885,-3.149618701,-2.938658312
Capacity|Geothermal,HD_ER_RCP85_2_CDD_20_10,50,,,
Capacity|Geothermal,HD_ER_RCP85_2_CDD_20_10,5,,,
Capacity|Geothermal,HD_ER_RCP85_2_CDD_20_10,95,,,
Capacity|Electricity|Solar,HD_ER_RCP85_3_CDD_20_10,50,-17.37967805,8.585201052,6.353258737
Capacity|Electricity|Solar,HD_ER_RCP85_3_CDD_20_10,5,-36.21484462,-64.86566133,-92.49730916
Capacity|Electricity|Solar,HD_ER_RCP85_3_CDD_20_10,95,22.70054817,109.4489999,156.3825621
Capacity|Electricity|Wind,HD_ER_RCP85_3_CDD_20_10,50,61.64492344,110.4040196,144.8268322
Capacity|Electricity|Wind,HD_ER_RCP85_3_CDD_20_10,5,36.59886137,-5.868467361,-74.68180534
Capacity|Electricity|Wind,HD_ER_RCP85_3_CDD_20_10,95,83.10031252,167.1107531,234.2123318
Capacity|Biomass,HD_ER_RCP85_3_CDD_20_10,50,66.90686127,92.4033317,108.8708404
Capacity|Biomass,HD_ER_RCP85_3_CDD_20_10,5,56.25183435,59.76032972,39.16371334
Capacity|Biomass,HD_ER_RCP85_3_CDD_20_10,95,90.05986646,160.2907315,276.456114
Capacity|Coal,HD_ER_RCP85_3_CDD_20_10,50,0.509603871,0.57112831,0.752514612
Capacity|Coal,HD_ER_RCP85_3_CDD_20_10,5,0.233937679,0.327418055,0.360482967
Capacity|Coal,HD_ER_RCP85_3_CDD_20_10,95,0.809412738,1.228309951,5.17149354
Capacity|Gas,HD_ER_RCP85_3_CDD_20_10,50,0.437096029,0.410397787,0.080173198
Capacity|Gas,HD_ER_RCP85_3_CDD_20_10,5,-1.481879604,-0.307684117,-1.485938556
Capacity|Gas,HD_ER_RCP85_3_CDD_20_10,95,0.725324516,0.652021007,0.439875421
Capacity|Oil,HD_ER_RCP85_3_CDD_20_10,50,0.846145148,4.662887246,6.75276611
Capacity|Oil,HD_ER_RCP85_3_CDD_20_10,5,-1.662158348,2.947722284,-5.370282098
Capacity|Oil,HD_ER_RCP85_3_CDD_20_10,95,1.133897306,6.420989386,12.08996147
Capacity|Electricity|Hydro,HD_ER_RCP85_3_CDD_20_10,50,-3.463749248,-6.593657973,-7.674409043
Capacity|Electricity|Hydro,HD_ER_RCP85_3_CDD_20_10,5,-3.83071854,-6.839382471,-10.22125205
Capacity|Electricity|Hydro,HD_ER_RCP85_3_CDD_20_10,95,-2.978177611,-6.354549276,-7.46136321
Capacity|Electricity|Nuclear,HD_ER_RCP85_3_CDD_20_10,50,-4.548775707,-3.357920827,-3.129195004
Capacity|Electricity|Nuclear,HD_ER_RCP85_3_CDD_20_10,5,-14.37974931,-5.237104061,-4.07218152
Capacity|Electricity|Nuclear,HD_ER_RCP85_3_CDD_20_10,95,-4.291137295,-3.127211837,-2.961633467
Capacity|Geothermal,HD_ER_RCP85_3_CDD_20_10,50,,,
Capacity|Geothermal,HD_ER_RCP85_3_CDD_20_10,5,,,
Capacity|Geothermal,HD_ER_RCP85_3_CDD_20_10,95,,,
Capacity|Electricity|Solar,HD_ER_RCP85_4_CDD_20_10,50,-8.285610975,16.54055751,12.81437526
Capacity|Electricity|Solar,HD_ER_RCP85_4_CDD_20_10,5,-37.18681892,-69.16582983,-96.34298003
Capacity|Electricity|Solar,HD_ER_RCP85_4_CDD_20_10,95,34.32142565,144.5773137,190.7582595
Capacity|Electricity|Wind,HD_ER_RCP85_4_CDD_20_10,50,69.52866676,123.7103072,167.6423666
Capacity|Electricity|Wind,HD_ER_RCP85_4_CDD_20_10,5,41.05345622,-14.36139013,-82.44512382
Capacity|Electricity|Wind,HD_ER_RCP85_4_CDD_20_10,95,94.58464498,205.6185472,281.2121954
Capacity|Biomass,HD_ER_RCP85_4_CDD_20_10,50,85.84723745,116.0397633,121.2881231
Capacity|Biomass,HD_ER_RCP85_4_CDD_20_10,5,71.24753112,65.26297109,28.89788306
Capacity|Biomass,HD_ER_RCP85_4_CDD_20_10,95,115.6464913,239.005408,376.918109
Capacity|Coal,HD_ER_RCP85_4_CDD_20_10,50,0.652861083,0.966745143,1.268168015
Capacity|Coal,HD_ER_RCP85_4_CDD_20_10,5,-0.124050651,0.183122137,0.406543241
Capacity|Coal,HD_ER_RCP85_4_CDD_20_10,95,1.223796563,2.107909071,6.498179501
Capacity|Gas,HD_ER_RCP85_4_CDD_20_10,50,0.557357536,0.453382982,0.002346126
Capacity|Gas,HD_ER_RCP85_4_CDD_20_10,5,-3.071655281,-0.811811764,-21.04501451
Capacity|Gas,HD_ER_RCP85_4_CDD_20_10,95,0.959957402,0.839817154,0.464534922
Capacity|Oil,HD_ER_RCP85_4_CDD_20_10,50,1.079558292,5.56211529,6.38125265
Capacity|Oil,HD_ER_RCP85_4_CDD_20_10,5,-3.138420226,2.817637737,-10.56658172
Capacity|Oil,HD_ER_RCP85_4_CDD_20_10,95,1.490755565,8.699624975,13.71798546
Capacity|Electricity|Hydro,HD_ER_RCP85_4_CDD_20_10,50,-3.292778331,-6.473343874,-7.651406186
Capacity|Electricity|Hydro,HD_ER_RCP85_4_CDD_20_10,5,-3.698182955,-6.815774452,-17.3732913
Capacity|Electricity|Hydro,HD_ER_RCP85_4_CDD_20_10,95,-2.629166052,-6.176581594,-7.38689394
Capacity|Electricity|Nuclear,HD_ER_RCP85_4_CDD_20_10,50,-4.837743812,-3.473616866,-3.257831721
Capacity|Electricity|Nuclear,HD_ER_RCP85_4_CDD_20_10,5,-21.56011938,-7.454208473,-8.207808755
Capacity|Electricity|Nuclear,HD_ER_RCP85_4_CDD_20_10,95,-4.308227729,-3.158177725,-2.994437351
Capacity|Geothermal,HD_ER_RCP85_4_CDD_20_10,50,,,
Capacity|Geothermal,HD_ER_RCP85_4_CDD_20_10,5,,,
Capacity|Geothermal,HD_ER_RCP85_4_CDD_20_10,95,,,
Capacity|Electricity|Solar,HD_ER_RCP85_5_CDD_20_10,50,0.178772015,25.83283296,21.7016953
Capacity|Electricity|Solar,HD_ER_RCP85_5_CDD_20_10,5,-36.00897283,-72.51024697,-98.45347147
Capacity|Electricity|Solar,HD_ER_RCP85_5_CDD_20_10,95,44.87830927,183.7107254,242.1870033
Capacity|Electricity|Wind,HD_ER_RCP85_5_CDD_20_10,50,76.75635548,138.8075162,185.3065824
Capacity|Electricity|Wind,HD_ER_RCP85_5_CDD_20_10,5,45.05474666,-24.61356285,-88.95043731
Capacity|Electricity|Wind,HD_ER_RCP85_5_CDD_20_10,95,106.1990089,252.6001448,349.0689275
Capacity|Biomass,HD_ER_RCP85_5_CDD_20_10,50,105.8806818,139.4852747,116.139241
Capacity|Biomass,HD_ER_RCP85_5_CDD_20_10,5,86.71337542,63.62205358,-32.48487252
Capacity|Biomass,HD_ER_RCP85_5_CDD_20_10,95,141.5609999,320.7242156,496.0727268
Capacity|Coal,HD_ER_RCP85_5_CDD_20_10,50,0.869875277,1.498840533,1.863900171
Capacity|Coal,HD_ER_RCP85_5_CDD_20_10,5,-0.244790229,0.323186188,0.480626013
Capacity|Coal,HD_ER_RCP85_5_CDD_20_10,95,1.68963964,2.841374519,7.913279153
Capacity|Gas,HD_ER_RCP85_5_CDD_20_10,50,0.728841991,0.489857014,-0.124528992
Capacity|Gas,HD_ER_RCP85_5_CDD_20_10,5,-3.642263929,-1.540257424,-57.73585872
Capacity|Gas,HD_ER_RCP85_5_CDD_20_10,95,1.246419832,1.031496743,0.478768296
Capacity|Oil,HD_ER_RCP85_5_CDD_20_10,50,1.332301649,6.501173475,5.670288912
Capacity|Oil,HD_ER_RCP85_5_CDD_20_10,5,-3.54367323,2.441577309,-34.50830494
Capacity|Oil,HD_ER_RCP85_5_CDD_20_10,95,1.845850993,11.30918672,14.48268738
Capacity|Electricity|Hydro,HD_ER_RCP85_5_CDD_20_10,50,-3.125547597,-6.371571334,-7.664189748
Capacity|Electricity|Hydro,HD_ER_RCP85_5_CDD_20_10,5,-3.564180751,-7.164930332,-29.76772173
Capacity|Electricity|Hydro,HD_ER_RCP85_5_CDD_20_10,95,-2.345476689,-5.987789271,-7.323004767
Capacity|Electricity|Nuclear,HD_ER_RCP85_5_CDD_20_10,50,-6.249681078,-3.984416345,-3.856796804
Capacity|Electricity|Nuclear,HD_ER_RCP85_5_CDD_20_10,5,-25.49712449,-13.61251048,-41.3011965
Capacity|Electricity|Nuclear,HD_ER_RCP85_5_CDD_20_10,95,-4.359071823,-3.208247689,-3.065546436
Capacity|Geothermal,HD_ER_RCP85_5_CDD_20_10,50,,,
Capacity|Geothermal,HD_ER_RCP85_5_CDD_20_10,5,,,
Capacity|Geothermal,HD_ER_RCP85_5_CDD_20_10,95,,,
Capacity|Electricity|Solar,HD_ER_RCP85_1_CDD_30_20_nCAP,50,-19.31666982,-16.30228899,-17.35144224
Capacity|Electricity|Solar,HD_ER_RCP85_1_CDD_30_20_nCAP,5,-21.22900154,-21.61528535,-24.21079467
Capacity|Electricity|Solar,HD_ER_RCP85_1_CDD_30_20_nCAP,95,-15.9705244,-8.817492891,-6.345156272
Capacity|Electricity|Wind,HD_ER_RCP85_1_CDD_30_20_nCAP,50,-20.07452367,-17.2422034,-17.55406977
Capacity|Electricity|Wind,HD_ER_RCP85_1_CDD_30_20_nCAP,5,-22.05972204,-22.56685868,-24.52715282
Capacity|Electricity|Wind,HD_ER_RCP85_1_CDD_30_20_nCAP,95,-17.26558057,-10.6734931,-7.279880998
Capacity|Biomass,HD_ER_RCP85_1_CDD_30_20_nCAP,50,22.44293772,24.91147641,18.88760546
Capacity|Biomass,HD_ER_RCP85_1_CDD_30_20_nCAP,5,16.4370209,17.14706576,12.36663386
Capacity|Biomass,HD_ER_RCP85_1_CDD_30_20_nCAP,95,33.13880894,35.67705326,28.63440774
Capacity|Coal,HD_ER_RCP85_1_CDD_30_20_nCAP,50,8.042754755,8.658006793,380.6289753
Capacity|Coal,HD_ER_RCP85_1_CDD_30_20_nCAP,5,6.773573449,6.895717799,234.9303663
Capacity|Coal,HD_ER_RCP85_1_CDD_30_20_nCAP,95,9.983796167,44.46535502,603.0569684
Capacity|Gas,HD_ER_RCP85_1_CDD_30_20_nCAP,50,10.63548957,48.99026631,60.85351687
Capacity|Gas,HD_ER_RCP85_1_CDD_30_20_nCAP,5,9.548270357,38.30414058,44.63069688
Capacity|Gas,HD_ER_RCP85_1_CDD_30_20_nCAP,95,12.63104714,68.61543608,98.99805836
Capacity|Oil,HD_ER_RCP85_1_CDD_30_20_nCAP,50,5.840073363,42.56703715,64.99038074
Capacity|Oil,HD_ER_RCP85_1_CDD_30_20_nCAP,5,5.252814335,36.62526671,52.78302431
Capacity|Oil,HD_ER_RCP85_1_CDD_30_20_nCAP,95,7.047665144,51.33849187,86.20165906
Capacity|Electricity|Hydro,HD_ER_RCP85_1_CDD_30_20_nCAP,50,-3.036772965,5.669804585,6.731730094
Capacity|Electricity|Hydro,HD_ER_RCP85_1_CDD_30_20_nCAP,5,-3.584501581,3.677772693,4.756134271
Capacity|Electricity|Hydro,HD_ER_RCP85_1_CDD_30_20_nCAP,95,-2.180801533,8.262835109,9.817732059
Capacity|Electricity|Nuclear,HD_ER_RCP85_1_CDD_30_20_nCAP,50,-0.422795478,9.229649825,13.06544911
Capacity|Electricity|Nuclear,HD_ER_RCP85_1_CDD_30_20_nCAP,5,-1.523003152,6.859514891,9.953793937
Capacity|Electricity|Nuclear,HD_ER_RCP85_1_CDD_30_20_nCAP,95,3.074375118,12.04318699,16.10431365
Capacity|Geothermal,HD_ER_RCP85_1_CDD_30_20_nCAP,50,,,
Capacity|Geothermal,HD_ER_RCP85_1_CDD_30_20_nCAP,5,,,
Capacity|Geothermal,HD_ER_RCP85_1_CDD_30_20_nCAP,95,,,
Capacity|Electricity|Solar,HD_IR_RCP85_1_CDD_20_10_nCAP,50,-8.241514176,-5.761692796,-5.807222015
Capacity|Electricity|Solar,HD_IR_RCP85_1_CDD_20_10_nCAP,5,-9.513801795,-8.358442724,-9.186178424
Capacity|Electricity|Solar,HD_IR_RCP85_1_CDD_20_10_nCAP,95,-5.618448915,-2.259168878,-1.095435909
Capacity|Electricity|Wind,HD_IR_RCP85_1_CDD_20_10_nCAP,50,-9.251273217,-5.99253571,-5.101912702
Capacity|Electricity|Wind,HD_IR_RCP85_1_CDD_20_10_nCAP,5,-10.50698598,-8.661028153,-8.695472039
Capacity|Electricity|Wind,HD_IR_RCP85_1_CDD_20_10_nCAP,95,-7.220132808,-2.506206357,0.072310545
Capacity|Biomass,HD_IR_RCP85_1_CDD_20_10_nCAP,50,22.98367944,26.63204915,24.20839212
Capacity|Biomass,HD_IR_RCP85_1_CDD_20_10_nCAP,5,18.8271138,22.11231721,19.68049246
Capacity|Biomass,HD_IR_RCP85_1_CDD_20_10_nCAP,95,30.17948227,33.68552372,31.06464981
Capacity|Coal,HD_IR_RCP85_1_CDD_20_10_nCAP,50,3.947629751,3.997422182,113.4535469
Capacity|Coal,HD_IR_RCP85_1_CDD_20_10_nCAP,5,3.392352261,3.436504641,9.212137339
Capacity|Coal,HD_IR_RCP85_1_CDD_20_10_nCAP,95,4.830901578,4.893932285,238.7434176
Capacity|Gas,HD_IR_RCP85_1_CDD_20_10_nCAP,50,6.766428205,31.92449025,42.22965582
Capacity|Gas,HD_IR_RCP85_1_CDD_20_10_nCAP,5,6.033393063,25.37432516,31.65610358
Capacity|Gas,HD_IR_RCP85_1_CDD_20_10_nCAP,95,7.98841859,43.83295382,68.14267112
Capacity|Oil,HD_IR_RCP85_1_CDD_20_10_nCAP,50,4.079861697,29.16251929,47.48607017
Capacity|Oil,HD_IR_RCP85_1_CDD_20_10_nCAP,5,3.671521139,25.85960526,39.37090332
Capacity|Oil,HD_IR_RCP85_1_CDD_20_10_nCAP,95,4.99393757,33.74285668,60.84358108
Capacity|Electricity|Hydro,HD_IR_RCP85_1_CDD_20_10_nCAP,50,-3.509135754,2.915920453,4.306284715
Capacity|Electricity|Hydro,HD_IR_RCP85_1_CDD_20_10_nCAP,5,-3.8096641,2.008959267,3.140876534
Capacity|Electricity|Hydro,HD_IR_RCP85_1_CDD_20_10_nCAP,95,-2.99003835,4.195172114,5.81203365
Capacity|Electricity|Nuclear,HD_IR_RCP85_1_CDD_20_10_nCAP,50,1.797720758,7.846499261,11.16491696
Capacity|Electricity|Nuclear,HD_IR_RCP85_1_CDD_20_10_nCAP,5,0.974503101,6.68935692,9.596769567
Capacity|Electricity|Nuclear,HD_IR_RCP85_1_CDD_20_10_nCAP,95,4.37497946,9.526090577,13.07233439
Capacity|Geothermal,HD_IR_RCP85_1_CDD_20_10_nCAP,50,,,
Capacity|Geothermal,HD_IR_RCP85_1_CDD_20_10_nCAP,5,,,
Capacity|Geothermal,HD_IR_RCP85_1_CDD_20_10_nCAP,95,,,
Capacity|Electricity|Solar,HD_ER_RCP26_1_CDD_30_20_nCAP,50,-19.09100992,-18.0983186,-18.77550727
Capacity|Electricity|Solar,HD_ER_RCP26_1_CDD_30_20_nCAP,5,-21.02332149,-23.93189378,-26.20957497
Capacity|Electricity|Solar,HD_ER_RCP26_1_CDD_30_20_nCAP,95,-15.7037183,-9.953582235,-6.247356185
Capacity|Electricity|Wind,HD_ER_RCP26_1_CDD_30_20_nCAP,50,-19.8874438,-19.37150721,-19.66898439
Capacity|Electricity|Wind,HD_ER_RCP26_1_CDD_30_20_nCAP,5,-21.87581547,-25.10085723,-27.15698054
Capacity|Electricity|Wind,HD_ER_RCP26_1_CDD_30_20_nCAP,95,-17.06875925,-12.36307777,-8.026068519
Capacity|Biomass,HD_ER_RCP26_1_CDD_30_20_nCAP,50,23.14631925,16.16418947,10.4496713
Capacity|Biomass,HD_ER_RCP26_1_CDD_30_20_nCAP,5,17.08298362,10.08015658,4.684158776
Capacity|Biomass,HD_ER_RCP26_1_CDD_30_20_nCAP,95,33.90921997,26.12842146,19.32656549
Capacity|Coal,HD_ER_RCP26_1_CDD_30_20_nCAP,50,8.22933798,8.363354123,279.9463551
Capacity|Coal,HD_ER_RCP26_1_CDD_30_20_nCAP,5,6.937034605,7.04590486,154.3060478
Capacity|Coal,HD_ER_RCP26_1_CDD_30_20_nCAP,95,10.20273448,20.1173077,445.5850895
Capacity|Gas,HD_ER_RCP26_1_CDD_30_20_nCAP,50,10.81265843,42.25539236,51.48085848
Capacity|Gas,HD_ER_RCP26_1_CDD_30_20_nCAP,5,9.697729997,32.43974211,37.27745441
Capacity|Gas,HD_ER_RCP26_1_CDD_30_20_nCAP,95,12.81534688,60.32103655,85.49389163
Capacity|Oil,HD_ER_RCP26_1_CDD_30_20_nCAP,50,5.98853819,35.91511076,54.10800867
Capacity|Oil,HD_ER_RCP26_1_CDD_30_20_nCAP,5,5.384387946,30.64214013,43.05452138
Capacity|Oil,HD_ER_RCP26_1_CDD_30_20_nCAP,95,7.238203122,44.06806397,73.34459205
Capacity|Electricity|Hydro,HD_ER_RCP26_1_CDD_30_20_nCAP,50,-2.76255421,3.535571604,4.211453607
Capacity|Electricity|Hydro,HD_ER_RCP26_1_CDD_30_20_nCAP,5,-3.320610713,1.913654323,2.434650642
Capacity|Electricity|Hydro,HD_ER_RCP26_1_CDD_30_20_nCAP,95,-1.905672086,6.104306184,7.17319901
Capacity|Electricity|Nuclear,HD_ER_RCP26_1_CDD_30_20_nCAP,50,-0.606922207,7.836925807,11.16060567
Capacity|Electricity|Nuclear,HD_ER_RCP26_1_CDD_30_20_nCAP,5,-1.711958434,5.67273671,8.004732328
Capacity|Electricity|Nuclear,HD_ER_RCP26_1_CDD_30_20_nCAP,95,2.861674547,10.68816132,14.4401978
Capacity|Geothermal,HD_ER_RCP26_1_CDD_30_20_nCAP,50,,,
Capacity|Geothermal,HD_ER_RCP26_1_CDD_30_20_nCAP,5,,,
Capacity|Geothermal,HD_ER_RCP26_1_CDD_30_20_nCAP,95,,,
Capacity|Electricity|Solar,HD_ER_RCP26_1_CDD_20_10_nCAP,50,-8.000832044,-7.819475687,-7.386662197
Capacity|Electricity|Solar,HD_ER_RCP26_1_CDD_20_10_nCAP,5,-9.279789352,-11.1570706,-11.95599458
Capacity|Electricity|Solar,HD_ER_RCP26_1_CDD_20_10_nCAP,95,-5.300517977,-3.49604702,-0.806466906
Capacity|Electricity|Wind,HD_ER_RCP26_1_CDD_20_10_nCAP,50,-9.04305437,-8.461640632,-7.560735074
Capacity|Electricity|Wind,HD_ER_RCP26_1_CDD_20_10_nCAP,5,-10.30718102,-11.82158079,-12.09370652
Capacity|Electricity|Wind,HD_ER_RCP26_1_CDD_20_10_nCAP,95,-7.023548466,-4.397380384,-0.983448253
Capacity|Biomass,HD_ER_RCP26_1_CDD_20_10_nCAP,50,23.69846603,17.52525588,15.0960887
Capacity|Biomass,HD_ER_RCP26_1_CDD_20_10_nCAP,5,19.50773,13.50752809,11.18272239
Capacity|Biomass,HD_ER_RCP26_1_CDD_20_10_nCAP,95,31.03327752,24.24461061,21.1657214
Capacity|Coal,HD_ER_RCP26_1_CDD_20_10_nCAP,50,4.091639955,4.139729189,59.9718716
Capacity|Coal,HD_ER_RCP26_1_CDD_20_10_nCAP,5,3.528202214,3.572668968,3.837737882
Capacity|Coal,HD_ER_RCP26_1_CDD_20_10_nCAP,95,4.987180005,5.051174703,156.977341
Capacity|Gas,HD_ER_RCP26_1_CDD_20_10_nCAP,50,6.939025393,25.32889738,33.19304165
Capacity|Gas,HD_ER_RCP26_1_CDD_20_10_nCAP,5,6.188604145,19.75989348,24.51387728
Capacity|Gas,HD_ER_RCP26_1_CDD_20_10_nCAP,95,8.18518967,35.87339405,54.45412546
Capacity|Oil,HD_ER_RCP26_1_CDD_20_10_nCAP,50,4.228703264,22.88806769,36.61870964
Capacity|Oil,HD_ER_RCP26_1_CDD_20_10_nCAP,5,3.808986395,19.85580697,29.83166821
Capacity|Oil,HD_ER_RCP26_1_CDD_20_10_nCAP,95,5.160832338,27.3107233,48.1795338
Capacity|Electricity|Hydro,HD_ER_RCP26_1_CDD_20_10_nCAP,50,-3.23028762,0.851224786,1.807976151
Capacity|Electricity|Hydro,HD_ER_RCP26_1_CDD_20_10_nCAP,5,-3.523940791,0.043890501,0.798226983
Capacity|Electricity|Hydro,HD_ER_RCP26_1_CDD_20_10_nCAP,95,-2.719323747,2.238150479,3.405117539
Capacity|Electricity|Nuclear,HD_ER_RCP26_1_CDD_20_10_nCAP,50,1.588154483,6.541530469,9.352173214
Capacity|Electricity|Nuclear,HD_ER_RCP26_1_CDD_20_10_nCAP,5,0.740321649,5.387562975,7.661696584
Capacity|Electricity|Nuclear,HD_ER_RCP26_1_CDD_20_10_nCAP,95,4.26000649,8.444019211,11.35218188
Capacity|Geothermal,HD_ER_RCP26_1_CDD_20_10_nCAP,50,,,
Capacity|Geothermal,HD_ER_RCP26_1_CDD_20_10_nCAP,5,,,
Capacity|Geothermal,HD_ER_RCP26_1_CDD_20_10_nCAP,95,,,
